,Brand,Model_Year,Model,Platform,Category,Sub_Cat,Stack,Reach,SR_ratio,TT_length,ST_length,ST_Angle,HT_length,HT_Angle,CS_length,BB_drop,BB_height,sizes.2.geometry.source.frontCenterMM,Wheelbase,Standover,Rake,Trail
0,Trek,2023,Checkpoint ALR 5 Driftless,Checkpoint,road,gravel,571.0,403.0,1.417,570.0,540.0,73.2,125.0,71.8,435.0,76.0,,,1041.0,789.0,,70.0
14,Specialized,2023,Diverge Comp E5,Diverge,road,gravel,592.0,383.0,1.546,558.0,470.0,73.5,116.0,71.25,432.0,80.0,270.0,620.0,,738.0,55.0,61.0
15,Canyon,2023,Grail CF SL 7 Rapha,Grail,road,gravel,513.0,405.0,1.267,547.0,492.0,73.5,78.0,71.0,425.0,75.0,,,1020.0,805.0,,
16,Canyon,2023,Endurace CF SL 8,Endurace,road,endurance,532.0,370.0,1.438,527.0,462.0,73.5,115.0,71.0,415.0,75.0,,,982.0,750.0,,
33,Trek,2023,Émonda ALR 5,Émonda,road,race,541.0,386.0,1.402,543.0,496.0,73.7,131.0,73.0,410.0,70.0,,,981.0,744.0,,56.0
35,Trek,2023,Domane SLR 9 AXS Gen 3,Domane,road,endurance,561.0,371.0,1.512,530.0,475.0,74.2,145.0,71.3,420.0,80.0,,,1003.0,735.0,,59.0
65,Specialized,2023,S-Works Tarmac SL7 - SRAM Red eTap AXS,Tarmac SL7,road,race,517.0,383.0,1.35,531.0,458.0,74.0,113.0,72.5,410.0,74.0,266.0,577.0,975.0,746.0,47.0,58.0
151,Specialized,2023,S-Works Crux,Crux,road,cyclocross,560.0,388.0,1.443,549.0,521.0,74.0,130.0,71.5,425.0,72.0,286.0,608.0,1023.0,794.0,50.0,67.0
158,Canyon,2023,Ultimate CF SL 7 Disc,Ultimate,road,race,546.0,385.0,1.418,543.0,494.0,73.8,130.0,72.25,415.0,70.0,,,993.0,775.0,,
174,CUBE,2023,NUROAD C:62 SLX,NUROAD,road,gravel,578.0,389.0,1.486,560.0,494.0,73.5,154.0,71.5,440.0,70.0,,,1041.0,,,
206,Giant,2023,"Defy, Advanced Pro 1","Defy Advanced, Pro",road,endurance,567.0,377.0,1.504,545.0,480.0,73.5,160.0,72.5,420.0,75.0,,,998.0,786.0,50.0,58.2
210,Trek,2023,Madone SL 6 Di2,Madone,road,aero,533.0,383.0,1.392,534.0,483.0,74.2,121.0,72.8,410.0,72.0,,,977.0,732.0,,58.0
245,Giant,2022,"Contend SL, Disc 2",Contend,road,endurance,577.0,384.0,1.503,560.0,515.0,73.0,178.0,72.5,412.0,70.0,,,1002.0,803.0,50.0,58.4
271,Giant,2022,"Defy, Advanced 3","Defy, Advanced",road,endurance,567.0,377.0,1.504,545.0,480.0,73.5,160.0,72.5,420.0,75.0,,,998.0,786.0,50.0,58.2
289,BMC,2023,Teammachine SLR01 FIVE,Teammachine,road,race,550.0,386.0,1.425,549.0,504.0,73.5,145.0,72.3,410.0,69.0,,589.0,989.0,779.0,43.0,63.0
298,Orbea,2023,GAIN M10i,GAIN,road,endurance,569.0,386.0,1.474,555.0,490.0,73.5,158.0,71.5,415.0,78.0,263.0,,1011.0,782.0,50.0,61.4
305,Orbea,2023,TERRA H40,TERRA,road,gravel,570.0,389.0,1.465,558.0,491.0,73.5,152.0,71.0,430.0,78.0,263.0,,1039.0,759.0,,59.0
308,Giant,2023,"Propel, Advanced SL 1",Propel,road,aero,562.0,393.0,1.43,565.0,770.0,73.0,165.0,73.0,405.0,65.0,,,991.0,794.0,45.0,59.2
329,Kona,2022,Rove AL/DL,Rove,road,gravel,558.0,383.0,1.457,543.0,520.0,74.0,120.0,71.0,435.0,72.0,278.0,607.0,1032.0,779.0,50.0,
330,Specialized,2022,Roubaix Comp,Roubaix,road,endurance,570.0,368.0,1.549,533.0,446.0,74.0,112.0,72.0,413.0,77.5,265.0,586.0,986.0,743.0,50.0,59.0
333,Surly,2022,Disc Trucker,Disc Trucker,road,touring,561.0,369.0,1.52,530.0,500.0,74.0,170.0,71.0,450.0,50.0,,,1040.0,766.0,45.0,
387,Scott,2023,Addict RC 40,Addict RC,road,race,526.5,389.0,1.353,540.0,520.0,74.0,115.0,72.0,410.0,70.0,274.5,,,755.0,,
396,Norco,2023,Search XR Flat Bar,Search,road,gravel,580.0,420.0,1.381,592.0,510.0,73.5,160.0,70.0,435.0,75.0,279.0,,1086.0,734.0,50.0,76.0
403,CUBE,2023,ATTAIN GTC SLX,ATTAIN,road,endurance,591.0,385.0,1.535,560.0,520.0,73.5,182.0,72.5,415.0,74.0,,,1009.0,,,
414,BMC,2023,Roadmachine FIVE,Roadmachine,road,endurance,562.0,386.0,1.456,546.0,500.0,74.2,156.0,72.0,410.0,71.0,,597.0,997.0,782.0,45.0,63.0
433,Cannondale,2023,CAAD13 Ultegra,CAAD13,road,race,575.0,389.0,1.478,562.0,540.0,73.3,164.0,73.0,408.0,72.0,271.0,594.0,992.0,805.0,45.0,575.0
439,BMC,2023,URS LT ONE,URS,road,gravel,603.0,419.0,1.439,591.0,492.0,74.0,172.0,70.0,425.0,69.0,,665.0,1081.0,810.0,45.0,77.0
456,Cannondale,2022,CAADX Tiagra,CAADX,road,cyclocross,555.0,378.0,1.468,537.0,540.0,74.0,132.0,71.0,422.0,69.0,281.0,607.0,1020.0,791.0,55.0,62.0
486,Giant,2022,"ToughRoad, SLR 1",ToughRoad,road,gravel,623.0,403.0,1.546,605.0,510.0,72.0,170.0,72.0,450.0,70.0,,,1071.0,795.0,42.0,74.9
488,Trek,2023,Domane+ AL 5,Domane+,road,endurance,575.0,374.0,1.537,542.0,500.0,73.7,145.0,71.3,430.0,80.0,,,1021.0,772.0,,64.0
498,Scott,2023,Foil RC 30,Foil RC,road,aero,527.0,389.0,1.355,540.0,502.4,74.0,121.0,72.0,412.0,70.0,274.5,,990.7,779.4,,
503,Trek,2023,520,520,road,gravel,565.0,378.0,1.495,543.0,512.0,73.8,140.0,71.0,450.0,70.0,278.0,,1048.0,768.0,,65.0
506,Salsa,2022,Journeyer Sora 650b,Journeyer,road,gravel,552.0,372.0,1.484,530.0,410.0,74.0,130.0,69.5,440.0,70.0,,,1040.0,677.0,50.0,
524,Specialized,2023,S-Works Aethos - Dura-Ace Di2,Aethos,road,endurance,544.0,384.0,1.417,540.0,481.0,74.0,137.0,73.0,410.0,72.0,268.0,579.0,978.0,748.0,44.0,58.0
525,Orbea,2023,AVANT H60,AVANT,road,endurance,565.0,375.0,1.507,539.0,470.0,73.75,161.0,71.9,425.0,75.0,264.0,,1004.0,761.0,48.0,
528,Trek,2023,Boone 6,Boone,road,cyclocross,562.0,383.0,1.467,544.0,513.0,74.0,138.0,72.0,425.0,68.0,,,1010.0,779.0,,67.0
545,Kona,2022,Jake the Snake,Major Jake,road,cyclocross,560.0,385.0,1.455,546.0,520.0,74.0,137.9,70.5,425.0,70.0,282.0,610.0,1026.0,787.0,45.0,
546,CUBE,2023,"AGREE C:62, SLT",AGREE,road,aero,572.0,391.0,1.463,560.0,500.0,73.5,157.0,72.5,412.0,71.0,,,1007.0,,,
552,Specialized,2023,Turbo Creo SL Comp E5,Turbo Creo,road,endurance,615.0,384.0,1.602,566.0,500.0,73.5,185.5,73.0,430.0,78.0,283.0,605.0,1023.0,836.0,50.0,58.0
556,Salsa,2022,Cutthroat C GRX 810 2x,Cutthroat C,road,gravel,619.53,385.28,1.608,560.0,508.0,74.25,127.0,69.0,445.0,70.0,,,1090.31,810.51,51.0,
569,Surly,2022,Straggler,Straggler,road,gravel,511.0,371.0,1.377,520.0,460.0,74.0,110.0,71.0,405.0,54.0,,,977.0,751.0,44.0,
570,Giant,2022,Revolt E+,Revolt E+,road,gravel,601.0,381.0,1.577,565.0,500.0,73.0,165.0,71.0,455.0,85.0,,,1059.0,798.0,50.0,68.8
571,Cannondale,2022,SuperX Women's Force 1,SuperX,road,cyclocross,555.0,378.0,1.468,537.0,524.0,74.0,132.0,71.0,422.0,69.0,281.0,607.0,1020.0,802.0,55.0,62.0
578,Salsa,2022,Warbird C Rival XPLR eTap AXS,Warbird C,road,gravel,565.97,371.97,1.522,545.0,475.0,73.0,140.0,70.75,430.0,70.0,,,1022.39,744.3,50.0,
581,Orbea,2022,VECTOR DROP,VECTOR,road,gravel,571.0,395.0,1.446,559.0,525.0,74.0,150.0,71.0,435.0,68.0,283.0,,1052.0,800.0,51.0,
583,Scott,2023,Speedster Gravel 50,Speedster,road,gravel,547.2,382.0,1.432,536.5,520.0,74.0,123.0,70.0,435.0,71.0,283.0,,1037.7,786.0,,
595,CUBE,2023,NULANE,NULANE,road,gravel,587.0,395.0,1.486,574.0,520.0,73.0,172.0,72.0,442.0,60.0,,,1052.0,,,
598,Giant,2023,"TCR Advanced Pro, Disc 1 AR",TCR,road,race,545.0,388.0,1.405,550.0,470.0,73.5,145.0,73.0,405.0,70.0,,,980.0,747.0,45.0,59.2
613,Cannondale,2022,Synapse Neo 2,Synapse Neo,road,endurance,609.0,396.0,1.538,576.0,535.0,73.5,191.0,71.0,438.0,67.0,282.0,644.0,1073.0,810.0,55.0,62.0
617,Rocky Mountain,2022,Solo 30,Solo,road,gravel,580.0,399.0,1.454,560.0,490.0,74.0,160.0,71.0,425.0,70.0,,,1041.0,800.0,,
619,Scott,2023,Addict Gravel 30,Contessa Addict,road,gravel,565.3,387.1,1.46,554.5,528.0,73.5,140.0,71.0,425.0,71.0,283.0,,1029.2,807.0,,
623,Cannondale,2023,SystemSix Hi-MOD Ultegra Di2,SystemSix Hi-MOD,road,aero,540.0,386.0,1.399,544.0,482.0,73.7,128.0,73.0,405.0,72.0,269.0,581.0,975.0,762.0,45.0,57.0
624,CUBE,2023,AXIAL WS GTC SLX,AXIAL,road,endurance,561.0,376.0,1.492,537.0,490.0,74.0,152.0,72.0,415.0,74.0,,,995.0,,,
641,Cannondale,2022,SystemSix Carbon Ultegra Di2,SystemSix,road,aero,540.0,386.0,1.399,544.0,482.0,73.7,128.0,73.0,405.0,72.0,269.0,581.0,975.0,762.0,45.0,57.0
643,Surly,2022,Bridge Club,Bridge Club,road,gravel,576.0,419.0,1.375,595.0,457.2,73.0,130.0,71.0,435.0,60.0,,,1073.0,780.0,43.0,
644,Surly,2022,Midnight Special,Midnight Special,road,gravel,544.0,379.0,1.435,540.0,500.0,73.5,110.0,72.0,425.0,65.0,,,1007.0,778.0,50.0,
649,Kona,2022,Libre CR,Libre,road,gravel,610.0,386.0,1.58,572.0,510.0,73.0,175.4,71.0,440.0,72.0,288.0,628.0,1058.0,803.0,50.0,
652,Santa Cruz,2023,STIGMATA Force 1x AXS RSV 650b / Carbon CC,STIGMATA,road,gravel,576.0,380.0,1.516,545.0,520.0,74.0,150.0,71.5,425.0,72.0,282.0,600.0,1015.0,776.0,,
660,Orbea,2023,ORCA AERO M11eLTD,ORCA,road,aero,523.0,380.0,1.376,532.9,499.0,73.7,117.2,72.2,408.0,76.0,260.0,,974.8,750.1,,57.5
729,BMC,2023,Trackmachine AL ONE,Trackmachine,road,track,563.0,413.0,1.363,580.0,585.0,73.5,178.0,73.0,390.0,58.0,,616.0,999.0,807.0,43.0,58.0
730,Surly,2022,Ogre,Ogre,road,gravel,613.0,427.6,1.434,615.0,508.0,73.0,130.0,72.0,440.0,68.0,,,1084.6,824.5,43.0,
731,Kona,2022,Libre EL,Libre EL,road,gravel,610.0,386.0,1.58,573.0,510.0,73.0,175.0,71.0,440.0,72.0,271.0,628.0,1058.0,772.0,50.0,
732,CUBE,2023,LITENING AERO C:68X SL,LITENING,road,aero,542.0,389.0,1.393,550.0,500.0,73.5,125.0,73.0,410.0,69.0,,,984.0,,,
743,Cannondale,2023,SuperSix EVO Hi-MOD Disc Ultegra,SuperSix EVO,road,race,534.0,378.0,1.413,528.0,477.0,74.3,130.0,71.2,408.0,74.0,268.0,597.0,994.0,,55.0,58.0
775,Specialized,2023,Allez Sprint Comp,Allez Sprint,road,race,537.0,387.0,1.388,541.0,510.0,74.0,133.0,73.0,410.0,72.0,268.0,580.0,979.0,765.0,44.0,58.0
776,Specialized,2022,Allez Road Bike,Allez,road,race,552.0,376.0,1.468,542.0,490.0,73.25,140.0,73.0,420.0,77.0,263.0,576.0,983.0,745.0,47.0,55.0
786,Specialized,2023,Diverge STR Pro,Diverge STR,road,gravel,593.0,383.0,1.548,556.0,470.0,74.0,115.0,71.25,429.0,85.0,265.0,619.0,1034.0,753.0,55.0,61.0
789,Salsa,2022,Warroad C Ultegra Di2,Warroad C,road,gravel,565.55,372.1,1.52,545.0,485.0,73.0,152.0,71.0,415.0,72.0,,,1004.68,747.41,51.0,
792,BMC,2023,Kaius 01 ONE,Kaius,road,gravel,550.0,401.0,1.372,569.0,468.0,73.0,123.0,72.0,420.0,80.0,,608.0,1015.0,756.0,45.0,68.0
800,Surly,2022,Ghost Grappler,Ghost Grappler,road,touring,623.0,420.0,1.483,610.0,437.2,73.0,200.0,69.5,425.0,50.0,,,1109.0,796.0,50.0,
801,Trek,2023,1120,1120,road,gravel,642.0,451.0,1.424,619.0,470.0,73.5,110.0,70.3,440.0,75.0,315.0,,1142.0,792.0,,85.0
802,CUBE,2023,"AIM, ALLROAD",AIM,road,general-road,627.0,409.0,1.533,595.0,420.0,73.5,110.0,68.5,461.0,65.0,,,1137.0,,,
805,Surly,2022,Grappler,Grappler,road,touring,623.0,420.0,1.483,610.0,437.2,73.0,200.0,69.5,425.0,50.0,,,1109.0,796.0,50.0,
846,Kona,2023,Rove HD,Rove HD,road,gravel,567.0,383.0,1.48,546.0,520.0,74.0,140.0,71.0,450.0,60.0,282.0,613.0,1057.0,773.0,50.0,
847,Giant,2023,"TCX, Advanced Pro 0",TCX Advanced Pro,road,cyclocross,572.0,385.0,1.486,560.0,545.0,73.0,163.0,72.0,430.0,60.0,,,1030.0,826.0,50.0,61.8
850,Salsa,2022,Journeyman Sora 650,Journeyman,road,gravel,567.0,367.0,1.545,540.0,470.0,73.0,140.0,70.5,440.0,72.0,,,1029.0,742.0,50.0,
858,Pivot,2023,Vault Team Force,Vault,road,gravel,574.0,395.0,1.453,565.0,548.0,73.5,155.0,72.0,420.0,70.0,,,1020.0,787.0,,
863,Salsa,2023,Stormchaser Single Speed,Stormchaser Single Speed,road,gravel,562.61,374.06,1.504,545.0,475.0,73.0,125.0,70.0,435.0,70.0,,,1037.0,756.48,51.0,
872,Scott,2023,Contessa Addict RC eRIDE 15,Contessa Addict RC,road,race,572.4,380.9,1.503,545.0,540.0,74.0,145.0,72.5,422.0,70.0,279.0,,1002.6,799.0,,
876,Scott,2023,Contessa Addict Gravel 15,Contessa Addict Gravel,road,gravel,565.3,387.1,1.46,554.5,528.0,73.5,140.0,71.0,425.0,71.0,283.0,,1029.2,807.0,,
877,Specialized,2023,Remco ‘Rojo’ Tarmac SL7 LTD,Remco ‘Rojo’ Tarmac,road,race,517.0,383.0,1.35,531.0,458.0,74.0,113.0,72.5,410.0,74.0,266.0,577.0,975.0,746.0,47.0,58.0
878,CUBE,2023,CROSS RACE C:62 PRO,CROSS RACE,road,cyclocross,570.0,390.0,1.462,560.0,528.0,73.4,144.0,72.0,425.0,63.0,,,1024.0,,,
885,Scott,2022,Addict eRIDE 30,Contessa Addict eRIDE,road,endurance,572.4,380.9,1.503,545.0,540.0,74.0,145.0,72.5,422.0,70.0,279.0,,1002.6,799.0,,
890,Giant,2022,"DailyTour, E+ 3 GTS","DailyTour, E+",road,touring,643.0,401.0,1.603,610.0,550.0,72.0,170.0,69.5,470.0,60.0,,,1132.0,818.0,44.0,86.9
893,Kona,2022,Sutra,Sutra,road,gravel,591.0,385.0,1.535,555.0,520.0,74.0,150.0,70.5,445.0,72.0,283.0,626.0,1061.0,794.0,50.0,
896,Pivot,2023,Evault GRX,Evault,road,gravel,574.0,395.0,1.453,565.0,548.0,73.5,155.0,72.0,420.0,70.0,,,1020.0,787.0,,
898,Scott,2023,Contessa Speedster Gravel 35,Contessa Speedster Gravel,road,gravel,547.2,382.0,1.432,536.5,520.0,74.0,123.0,70.0,435.0,71.0,283.0,,1037.7,786.0,,
901,Scott,2023,Contessa Solace Gravel eRIDE15,Solace,road,gravel,565.6,387.0,1.461,554.5,527.0,73.5,128.0,71.0,435.0,76.0,294.0,,1036.8,803.0,,70.7
908,Pivot,2022,E-VAULT Team GRX Di2 w/ Carbon Wheels,E-VAULT Team,road,gravel,574.0,395.0,1.453,565.0,548.0,73.5,155.0,72.0,420.0,70.0,,,1020.0,787.0,,
996,Giant,2021,Revolt 0,"Revolt, Advanced",road,gravel,572.0,381.0,1.501,550.0,470.0,73.5,150.0,70.5,430.0,70.0,,,1036.0,749.0,50.0,75.0
1186,Giant,2019,Revolt Advanced 2,Revolt Advanced,road,gravel,572.0,381.0,1.501,550.0,470.0,73.5,150.0,70.5,425.0,70.0,,,1031.0,752.0,50.0,74.0
1433,Specialized,2014,Tarmac SL4 Comp Ultegra,Tarmac SL4,road,race,543.0,387.0,1.403,548.0,510.0,73.5,140.0,73.0,405.0,69.0,,583.0,978.0,775.0,45.0,57.0
1584,Specialized,2021,CruX Comp,CruX,road,cyclocross,554.0,375.0,1.477,534.0,510.0,74.0,125.0,71.5,425.0,71.0,281.5,593.0,1008.0,794.5,50.0,65.0
1593,Giant,2021,Defy Advanced 3,Defy,road,endurance,567.0,377.0,1.504,545.0,480.0,73.5,160.0,72.5,420.0,75.0,,,998.0,786.0,50.0,58.2
1649,Giant,2020,Defy Advanced 3,Defy Advanced,road,endurance,567.0,377.0,1.504,545.0,480.0,73.5,160.0,72.5,420.0,75.0,,,998.0,786.0,50.0,58.0
2163,Giant,2021,Propel Advanced Disc 2,Propel Advanced,road,aero,545.0,383.0,1.423,550.0,520.0,73.0,145.0,73.0,405.0,68.0,,,976.0,787.0,45.0,57.0
2271,Kona,2020,Rove DL,Swift Rove,road,gravel,570.0,385.0,1.481,549.0,520.0,74.0,130.0,71.0,435.0,72.0,280.0,608.0,1033.0,782.0,45.0,
2402,BMC,2017,teammachine ALR01,teammachine,road,race,559.0,383.0,1.46,546.0,535.0,73.5,158.0,72.5,405.0,69.0,,586.0,980.0,778.0,41.6,64.0
2457,Kona,2015,ROVE AL,ROVE,road,gravel,582.0,378.0,1.54,550.0,540.0,73.5,145.0,71.0,435.0,70.0,,606.0,1031.0,795.0,45.0,
2812,BMC,2019,ROADMACHINE X,ROADMACHINE,road,endurance,571.0,385.0,1.483,554.0,533.0,73.5,172.0,71.5,420.0,71.0,,607.0,1016.0,,45.0,66.0
2901,BMC,2017,roadmachine 03,roadmachine,road,endurance,571.0,385.0,1.483,554.0,507.0,73.5,172.0,71.5,420.0,71.0,,604.0,1013.0,786.0,45.0,63.0
3148,Scott,2021,Foil 30,Foil,road,aero,526.7,384.0,1.372,535.0,460.0,74.0,130.0,72.0,410.0,66.0,273.0,,980.0,753.6,,
3184,Trek,2018,520 Disc,520 Disc,road,gravel,565.0,378.0,1.495,543.0,512.0,73.8,140.0,71.0,450.0,70.0,278.0,,1048.0,768.0,,65.0
3289,Kona,2020,Jake the Snake,Super Jake,road,cyclocross,560.0,385.0,1.455,546.0,520.0,74.0,137.9,70.5,425.0,70.0,282.0,610.0,1026.0,787.0,45.0,
3296,Giant,2018,AnyRoad 2,AnyRoad,road,gravel,596.0,363.0,1.642,540.0,415.0,73.5,185.0,72.0,430.0,60.0,,,1016.0,714.0,50.0,60.0
3308,Kona,2017,Private Jake,Private Jake,road,cyclocross,560.0,384.0,1.458,545.0,510.0,74.0,140.0,70.5,420.0,70.0,280.0,610.0,1020.0,780.0,45.0,
3326,Kona,2015,JAKE,SUPER JAKE,road,cyclocross,558.0,385.0,1.449,550.0,530.0,73.5,135.0,71.0,425.0,65.0,,606.0,1022.0,790.0,45.0,
3337,Specialized,2014,Tricross Comp Disc,Tricross,road,touring,579.0,364.0,1.591,530.0,520.0,74.0,140.0,71.5,440.0,73.0,,592.0,1021.0,787.0,51.0,62.0
3365,Kona,2013,JAKE,MAJOR JAKE,road,cyclocross,558.0,385.0,1.449,550.0,530.0,73.5,135.0,71.0,425.0,65.0,285.0,606.0,1022.0,797.0,45.0,
3459,CUBE,2021,AGREE C:62 RACE,AGREE C:62,road,aero,573.0,390.0,1.469,560.0,500.0,73.5,170.0,72.5,412.0,71.0,,,1006.0,788.0,,
3488,Norco,2021,Threshold A1,Threshold,road,cyclocross,553.0,379.0,1.459,537.5,530.0,74.0,130.0,71.25,422.5,70.0,275.0,,1010.0,746.0,48.0,66.0
3545,Giant,2021,"AnyTour E+ 2 Low, Step Through",AnyTour E+,road,touring,657.0,396.0,1.659,610.0,550.0,72.0,185.0,69.5,470.0,60.0,,,1133.0,395.0,44.0,86.9
3557,Salsa,2020,Cutthroat Apex 1,Cutthroat,road,gravel,619.53,385.28,1.608,560.0,508.0,74.25,127.0,69.0,445.0,70.0,,,1090.31,810.51,51.0,
3565,Salsa,2018,CUTTHROAT APEX 1,CUTTHROAT,road,gravel,645.3,382.7,1.686,580.0,533.0,73.0,140.0,71.0,445.0,70.0,,,1067.9,829.9,45.0,
3574,Trek,2021,Crockett 5 Disc,Crockett,road,cyclocross,547.0,379.0,1.443,531.0,493.0,74.5,123.0,71.5,425.0,70.0,,,1005.0,761.0,,71.0
3579,Specialized,2019,Ruby,Ruby,road,endurance,575.0,365.0,1.575,534.0,425.0,74.0,120.0,71.5,413.0,77.5,,589.0,990.0,727.9,50.0,62.0
3685,Trek,2021,920,920,road,touring,583.0,392.0,1.487,562.0,490.0,73.8,120.0,71.0,465.0,85.0,283.0,,1079.0,760.0,,68.0
3692,Giant,2020,Revolt E+ Pro Electric Bike,Revolt E+ Pro,road,gravel,586.0,386.0,1.518,565.0,500.0,73.0,165.0,71.0,455.0,70.0,,,1066.0,,50.0,68.8
3696,Specialized,2019,Dolce Sport,Dolce,road,endurance,548.0,370.0,1.481,527.0,422.0,74.0,145.0,72.0,415.0,73.0,269.5,580.0,984.0,720.8,49.0,60.0
3725,Trek,2017,1.1,1.1,road,race,547.0,379.0,1.443,534.0,493.0,74.2,140.0,72.8,407.0,72.0,,,973.0,747.0,,58.0
3726,Trek,2017,1.2,1.2,road,race,547.0,379.0,1.443,534.0,493.0,74.2,140.0,72.8,407.0,72.0,,,973.0,747.0,,58.0
3727,Trek,2017,920 Disc,920 Disc,road,touring,583.0,392.0,1.487,562.0,490.0,73.8,120.0,71.0,465.0,85.0,283.0,,1079.0,760.0,,68.0
3812,Specialized,2020,Venge Pro,Venge,road,aero,534.0,387.0,1.38,540.0,495.0,74.0,133.0,73.0,410.0,72.0,268.0,579.0,978.0,773.0,44.0,58.0
3849,Trek,2017,Lexa 2 Women's,Lexa,road,race,545.0,368.0,1.481,518.0,437.0,74.6,138.0,71.3,410.0,72.0,,,984.0,713.0,,62.0
3862,Specialized,2015,Secteur Sport Double,Secteur,road,endurance,564.0,380.0,1.484,548.0,466.0,73.5,165.0,72.0,415.0,71.5,,595.0,1000.0,776.0,49.0,59.0
3959,Salsa,2021,Warbird Carbon GRX 810,Warbird,road,gravel,565.97,371.97,1.522,545.0,475.0,73.0,140.0,70.75,430.0,70.0,,,1022.39,744.3,50.0,
3984,Salsa,2018,WARBIRD APEX 1,WARBIRD,road,gravel,567.3,376.6,1.506,550.0,520.0,73.0,140.0,70.5,430.0,70.0,,,1024.7,771.6,45.0,
4091,Giant,2020,TCR Advanced 2 Disc,TCR Advanced,road,race,545.0,383.0,1.423,550.0,470.0,73.0,148.0,73.0,405.0,68.0,,,976.0,765.0,45.0,57.0
4404,CUBE,2017,AXIAL WLS,AXIAL WLS,road,endurance,561.0,376.0,1.492,537.0,490.0,74.0,152.0,72.0,410.0,74.0,,,990.0,,,
4410,Scott,2017,Addict Premium Disc Di2,Addict,road,endurance,526.7,384.0,1.372,535.0,505.0,74.0,120.0,72.0,410.0,67.0,272.0,,985.1,757.4,,62.8
4465,Santa Cruz,2021,Stigmata Force 2X / Carbon CC / 700c,Stigmata,road,gravel,596.0,388.0,1.536,565.0,545.0,73.5,170.0,72.0,425.0,72.0,279.0,610.0,1025.0,797.0,,
4653,Cannondale,2019,Slate Apex 1,Slate,road,gravel,582.0,398.0,1.462,570.0,494.0,73.5,160.0,71.5,405.0,65.0,275.0,621.0,1018.0,772.0,45.0,66.0
4660,Specialized,2017,Amira Comp - Torch Edition,Amira,road,race,529.0,378.0,1.399,515.0,460.0,76.0,125.0,72.0,405.0,73.0,269.0,582.0,976.0,735.0,49.0,59.0
4704,Surly,2020,Long Haul Trucker,Long Haul Trucker,road,touring,532.3,374.5,1.421,530.0,500.0,74.0,144.0,71.0,460.0,47.0,,,1046.8,756.1,45.0,
4707,BMC,2019,TRACKMACHINE 02,TRACKMACHINE,road,track,563.0,413.0,1.363,580.0,585.0,73.5,178.0,73.0,390.0,58.0,,616.0,999.0,,43.0,58.0
4714,BMC,2017,trackmachine TR02,trackmachine,road,track,563.0,413.0,1.363,580.0,585.0,73.5,178.0,73.0,390.0,58.0,,616.0,999.0,807.0,43.0,58.0
4769,CUBE,2021,LITENING C:68X PRO,LITENING C:68X,road,race,542.0,389.0,1.393,550.0,500.0,73.5,125.0,73.0,410.0,69.0,,,980.0,779.0,,
4776,CUBE,2020,KATHMANDU HYBRID ONE 500,KATHMANDU HYBRID,road,touring,650.0,427.0,1.522,610.0,560.0,74.0,133.0,68.5,460.0,67.5,,,1165.0,866.0,,
4949,Giant,2021,Road E+ 2 Pro,Road E+,road,endurance,588.0,380.0,1.547,560.0,500.0,73.0,150.0,72.0,455.0,70.0,,,1051.0,773.0,50.0,62.9
5041,Specialized,2020,Sequoia Elite,Sequoia Elite,road,gravel,566.0,387.8,1.46,550.0,480.0,73.5,150.0,71.5,435.1,66.5,292.5,611.0,1037.0,772.0,50.0,67.0
5042,Specialized,2019,Sequoia,Sequoia,road,gravel,566.0,387.8,1.46,550.0,480.0,74.0,130.0,71.5,435.2,67.0,292.0,611.0,1037.0,772.0,50.0,67.0
5045,BMC,2019,CROSSMACHINE CX01 TWO,CROSSMACHINE CX01 TWO,road,cyclocross,550.0,386.0,1.425,549.0,535.0,73.5,148.0,72.5,425.0,62.0,,591.0,1008.0,796.0,45.0,63.0
5049,BMC,2018,Crossmachine CXA01 Rival,Crossmachine,road,cyclocross,559.0,369.0,1.515,540.0,540.0,73.0,140.0,71.5,425.0,68.0,,585.0,1000.0,786.0,45.0,66.0
5054,BMC,2017,crossmachine CXA01,crossmachine,road,cyclocross,559.0,369.0,1.515,540.0,540.0,73.0,140.0,71.5,425.0,68.0,,585.0,1000.0,786.0,45.0,66.0
5056,Scott,2017,CR1 20,CR1,road,endurance,545.0,379.0,1.438,530.0,520.0,74.5,136.0,73.0,405.0,67.0,272.0,,980.0,765.0,,
5122,Salsa,2021,Vaya GRX 600,Vaya,road,gravel,590.1,365.2,1.616,540.0,470.0,73.5,145.0,71.5,450.0,75.0,,,1034.0,742.0,50.0,
5136,Salsa,2018,VAYA TIAGRA,VAYA,road,gravel,590.1,365.2,1.616,540.0,470.0,73.5,145.0,71.5,450.0,75.0,,,1034.0,742.0,50.0,
5207,Norco,2012,CRR Two,CRR,road,race,563.0,388.0,1.451,560.0,540.0,73.0,160.0,73.0,405.0,70.0,270.0,590.0,985.0,793.0,,
5245,Salsa,2021,Fargo Apex 1,Fargo,road,gravel,643.0,368.0,1.747,565.0,457.2,73.0,140.0,69.0,445.0,70.0,,,1083.0,778.0,51.0,
5246,Salsa,2020,Warroad Carbon Apex 1 650,Warroad,road,gravel,565.55,372.1,1.52,545.0,485.0,73.0,152.0,71.0,415.0,72.0,,,1004.68,747.41,51.0,
5259,Salsa,2018,FARGO GX 29,FARGO,road,gravel,643.1,368.4,1.746,565.0,457.2,73.0,140.0,69.0,445.0,70.0,,,1077.0,778.0,45.0,
5261,Surly,2020,Troll,Troll,road,touring,570.0,415.0,1.373,595.0,457.0,73.0,145.0,71.0,425.0,40.0,,,1066.0,778.0,43.0,
5264,BMC,2022,Roadmachine AMP TWO USA,Roadmachine AMP,road,endurance,562.0,386.0,1.456,546.0,500.0,74.2,156.0,72.0,410.0,71.0,,597.0,997.0,782.0,45.0,63.0
5268,Giant,2019,Road-E+ 1 Pro,Road-E+,road,endurance,598.0,387.0,1.545,570.0,530.0,73.0,150.0,71.5,455.0,70.0,,,1058.0,818.0,42.0,76.0
5273,Trek,2017,Silque S 7 Women's,Silque,road,race,560.0,371.0,1.509,530.0,465.0,74.2,158.0,72.0,410.0,72.0,,,983.0,749.0,,60.0
5291,Surly,2020,Pack Rat,Pack Rat,road,touring,512.0,378.0,1.354,520.0,460.0,74.5,120.0,74.0,410.0,45.0,,,965.0,751.0,44.0,
5295,Norco,2021,Section C3 Women's,Section,road,gravel,556.0,386.0,1.44,548.0,442.0,73.75,137.5,72.25,415.0,72.5,271.5,,1002.0,706.0,51.0,56.0
5328,BMC,2017,granfondo GF02,granfondo GF02,road,endurance,563.0,375.0,1.501,542.0,495.0,73.5,159.0,72.0,412.0,71.0,,592.0,993.0,760.0,50.0,57.0
5329,Kona,2016,Honky Tonk,Honky Tonk,road,endurance,581.0,378.0,1.537,550.0,540.0,73.5,165.0,72.0,422.0,74.0,,593.0,1003.0,775.0,43.0,
5330,Kona,2015,HONKY TONK,HONKY TONK,road,endurance,581.0,378.0,1.537,550.0,540.0,73.5,165.0,72.0,418.0,74.0,,593.0,999.0,785.0,43.0,
5339,Surly,2020,ECR,ECR,road,gravel,603.0,410.5,1.469,595.0,457.2,73.0,140.0,69.0,435.0,60.0,,,1096.0,802.0,43.2,
5348,Norco,2019,Tactic Ultegra,Tactic,road,race,557.0,395.0,1.41,560.0,530.0,73.5,150.0,73.0,407.5,70.0,270.0,595.0,992.0,780.0,,
5432,Norco,2012,CCX 3,CCX,road,cyclocross,564.0,378.0,1.492,545.0,560.0,73.5,130.0,71.5,430.0,65.0,284.0,596.0,1017.0,808.0,,
5519,Salsa,2021,Marrakesh Sora,Marrakesh,road,gravel,563.3,373.1,1.51,540.0,520.0,73.5,110.0,70.75,455.0,77.0,,,1049.7,761.2,55.0,
5525,Salsa,2018,Marrakesh Deore Drop Bar,Marrakesh Deore Drop,road,touring,563.3,373.1,1.51,540.0,520.0,73.5,110.0,70.75,455.0,77.0,,,1049.7,761.2,55.0,
5616,Cannondale,2018,Synapse AL Disc Tiagra,700 Synapse,road,endurance,55.0,37.1,1.482,53.1,443.0,74.3,14.3,71.0,41.3,27.0,,,101.0,72.2,6.0,
5663,Kona,2018,Roadhouse,Roadhouse,road,endurance,582.0,378.0,1.54,550.0,540.0,73.5,155.0,72.0,422.0,74.0,271.0,595.0,1005.0,790.0,45.0,
5668,Norco,2019,VLT R2,VLT,road,general-road,600.0,410.0,1.463,590.0,470.0,73.3,155.0,70.0,480.0,74.0,289.0,654.0,1124.0,772.0,,
5672,Giant,2019,ToughRoad E+ GX,ToughRoad E+ GX,road,gravel,605.0,400.0,1.513,585.0,535.0,73.0,160.0,71.0,455.0,70.0,,,1056.0,786.0,42.0,76.0
5674,Giant,2021,"TCX, Advanced Pro 1",TCX Advanced,road,cyclocross,572.0,385.0,1.486,560.0,545.0,73.0,163.0,72.0,430.0,60.0,,,1030.0,826.0,50.0,61.8
5677,Giant,2020,TCX SLR 1,TCX,road,cyclocross,562.0,398.0,1.412,570.0,503.0,73.0,168.0,73.0,405.0,65.0,,,997.0,787.0,45.0,57.2
5809,CUBE,2021,AGREE HYBRID C:62 RACE,AGREE HYBRID C:62,road,race,621.0,387.0,1.605,583.0,550.0,74.0,197.0,72.5,430.0,74.0,,,1031.0,810.0,,
5848,Kona,2018,Wheelhouse,Wheelhouse,road,endurance,582.0,378.0,1.54,550.0,540.0,73.5,155.0,72.0,422.0,74.0,271.0,595.0,1005.0,790.0,45.0,
5850,Kona,2017,Esatto,Esatto,road,endurance,575.0,380.0,1.513,550.0,540.0,73.5,165.0,72.0,422.0,74.0,271.0,593.0,1005.0,780.0,44.0,
5856,Kona,2016,Penthouse,Penthouse,road,endurance,581.0,378.0,1.537,550.0,540.0,73.5,165.0,72.0,422.0,74.0,,593.0,1003.0,775.0,43.0,
5858,Kona,2015,ESATTO,ESATTO,road,endurance,579.0,378.0,1.532,550.0,540.0,73.5,165.0,72.0,418.0,74.0,,595.0,1001.0,785.0,45.0,
5861,Kona,2014,ESATTO TI,ESATTO TI,road,endurance,577.0,379.0,1.522,550.0,540.0,73.5,165.0,72.0,418.0,74.0,,593.0,1000.0,785.0,44.0,
5862,Salsa,2022,Stormchaser GRX 810 1x SUS,Stormchaser,road,gravel,568.1,364.8,1.557,548.0,475.0,72.2,125.0,69.2,435.0,64.0,,,1041.5,765.6,51.0,
5871,Trek,2020,X500,X500,road,gravel,680.0,407.0,1.671,615.0,600.0,73.0,205.0,71.5,445.0,70.0,289.0,,1098.0,877.0,,73.0
5880,Trek,2017,720 Disc,720 Disc,road,gravel,565.0,385.0,1.468,550.0,506.0,73.7,128.0,71.8,426.0,72.0,276.0,,1014.0,770.0,,67.0
5889,Specialized,2012,S-Works + McLaren Venge,+ McLaren Venge,road,aero,544.0,386.0,1.409,548.0,507.0,73.5,140.0,73.0,405.0,69.0,,583.0,978.0,789.0,45.0,57.0
5911,CUBE,2020,CROSS RACE,CROSS,road,cyclocross,578.0,383.0,1.509,554.0,560.0,73.5,160.0,72.0,430.0,68.0,,,1021.0,816.0,,
5927,CUBE,2019,KATHMANDU SL,KATHMANDU,road,touring,634.0,389.0,1.63,583.0,540.0,73.0,150.0,71.0,445.0,60.0,,,1072.0,,,
5947,Kona,2018,Zone LTD,Zone LTD,road,endurance,577.0,391.0,1.476,565.0,560.0,73.5,165.0,72.0,420.0,75.0,265.0,608.0,1017.0,815.0,44.0,
5953,CUBE,2017,DELHI Pro,DELHI,road,touring,667.0,389.0,1.715,593.0,540.0,73.0,185.0,71.0,445.0,60.0,,,1083.0,,,
5957,CUBE,2017,TONOPAH Pro,TONOPAH,road,touring,651.0,396.0,1.644,595.0,520.0,73.0,160.0,71.0,440.0,55.0,,,1078.0,,,
5980,Kona,2015,SUTRA,SUTRA,road,touring,573.0,380.0,1.508,550.0,530.0,73.5,145.0,71.0,435.0,65.0,,604.0,1031.0,800.0,43.0,
5981,Kona,2015,KAPU,KAPU,road,general-road,584.0,377.0,1.549,550.0,540.0,73.5,165.0,72.0,418.0,74.0,,594.0,1000.0,790.0,44.0,
5982,Kona,2015,ZONE,ZONE,road,endurance,577.0,394.0,1.464,565.0,560.0,73.5,165.0,72.0,418.0,75.0,,609.0,1016.0,820.0,45.0,
6014,Kona,2013,ZONE TWO,ZONE TWO,road,endurance,577.0,394.0,1.464,565.0,560.0,73.5,165.0,72.0,418.0,75.0,265.0,608.0,1015.0,818.0,44.0,
6015,Kona,2013,RED ZONE,RED ZONE,road,endurance,577.0,394.0,1.464,565.0,560.0,73.5,165.0,72.0,418.0,75.0,265.0,608.0,1015.0,818.0,44.0,
6104,Giant,2021,"Ease-E+ 2 Low, Step Through",Ease-E+,road,general-road,656.0,397.0,1.652,590.0,500.0,72.0,180.0,70.0,476.0,60.0,,,1125.0,,42.0,82.0
6105,Pivot,2021,E-Vault Team GRX Di2 w/ Carbon Wheels,E-Vault Team,road,gravel,574.0,395.0,1.453,565.0,548.0,73.5,155.0,72.0,420.0,70.0,,,1020.0,787.0,,
6110,Surly,2018,Pacer,Pacer,road,general-road,516.5,385.0,1.342,526.4,500.0,74.5,99.0,72.0,410.0,72.0,,,985.6,764.4,50.0,
6111,CUBE,2017,DELHI HYBRID 400,DELHI HYBRID,road,touring,662.0,391.0,1.693,593.0,520.0,73.0,185.0,71.0,470.0,60.0,,,1114.0,,,
6114,Kona,2017,Tonk,Tonk,road,endurance,581.0,378.0,1.537,550.0,540.0,73.5,165.0,72.0,422.0,74.0,271.0,593.0,1003.0,785.0,43.0,
6118,Norco,2015,Cabot 2,Cabot,road,touring,592.0,375.0,1.579,550.0,520.0,73.5,150.0,71.5,450.0,72.0,277.0,608.0,1048.0,791.0,,
6123,Kona,2014,ZING,ZING,road,race,563.0,398.0,1.415,565.0,560.0,73.5,160.0,72.0,410.0,72.0,,609.0,1009.0,792.0,45.0,
6132,Kona,2013,ZING SUPREME,ZING SUPREME,road,race,571.0,381.0,1.499,550.0,540.0,73.5,173.0,72.0,410.0,72.0,268.0,594.0,991.0,798.0,45.0,
6375,Trek,2023,Crockett Disc Frameset,Crockett Disc,road,cyclocross,547.0,379.0,1.443,531.0,493.0,74.5,123.0,71.5,425.0,70.0,,,1005.0,761.0,,71.0
6417,Salsa,2023,Fargo Ti Frameset,Fargo Ti,road,gravel,643.0,368.0,1.747,565.0,457.2,73.0,140.0,69.0,445.0,70.0,,,1083.0,781.0,51.0,
6421,Norco,2022,Section S Frame/Fork,Section S Frame/Fork,road,gravel,555.0,386.0,1.438,548.0,490.0,73.75,125.0,72.25,415.0,72.5,271.5,,1002.0,717.0,51.0,56.0
6593,Specialized,2013,S-Works Tarmac SL4 OSBB Frameset,Tarmac SL4 OSBB,road,race,543.0,387.0,1.403,548.0,510.0,73.5,140.0,73.0,405.0,69.0,,583.0,978.0,775.0,45.0,57.0
6962,Specialized,2013,S-Works Venge OSBB Frameset,Venge OSBB,road,aero,544.0,386.0,1.409,548.0,507.0,73.5,140.0,73.0,405.0,69.0,,583.0,978.0,789.0,45.0,57.0
7093,Specialized,2017,AWOL Expert Frameset,AWOL Expert,road,touring,617.0,392.0,1.574,575.0,495.0,73.5,185.0,72.0,455.0,70.0,295.5,626.0,1072.0,794.0,50.0,66.0
7194,Kona,2018,Esatto Ti,Esatto Ti,road,endurance,577.0,379.0,1.522,550.0,540.0,73.5,165.0,72.0,418.0,74.0,,593.0,1000.0,785.0,44.0,
